pos,player,AB,R,H,RBI,BB,SO,LOB,opponent
dh,Deja Davis,4,1,2,1,0,0,0,WASHINGTON
2b,Aminah Vega,4,0,1,1,0,0,2,WASHINGTON
1b,Gisele Tapia,3,0,2,0,0,0,0,WASHINGTON
pr,Kelsey Zampa,0,0,0,0,0,0,0,WASHINGTON
c,Kelly Torres,3,0,1,0,0,1,0,WASHINGTON
rf,Francesca Frelick,3,0,0,0,0,1,1,WASHINGTON
lf,Kamryn Jackson,2,1,0,0,0,2,2,WASHINGTON
ph,Kairi Rodriguez,1,0,0,0,0,0,0,WASHINGTON
3b,Ana Gold,3,1,1,0,0,0,0,WASHINGTON
cf,D'Auna Jennings,1,0,0,0,0,1,0,WASHINGTON
ss,Jada Baker,2,0,1,1,0,1,0,WASHINGTON
ph,Kristiana Watson,1,0,0,0,0,0,0,WASHINGTON
p,Jala Wright,0,0,0,0,0,0,0,WASHINGTON
p,Cassidy Curd,0,0,0,0,0,0,0,WASHINGTON
ss,Deja Davis,3,0,0,0,0,1,1,OKLAHOMA
2b,Aminah Vega,2,0,0,0,1,2,0,OKLAHOMA
1b,Gisele Tapia,3,0,0,0,0,2,0,OKLAHOMA
c,Kelly Torres,3,0,2,0,0,0,1,OKLAHOMA
3b,Ana Gold,2,0,0,0,0,1,1,OKLAHOMA
dh,Kairi Rodriguez,3,0,0,0,0,1,1,OKLAHOMA
p/lf,Claire Davidson,2,0,1,0,1,0,0,OKLAHOMA
rf,Francesca Frelick,2,0,0,0,0,1,1,OKLAHOMA
ph,Sarah Goddard,1,0,1,0,0,0,0,OKLAHOMA
ph,Kristiana Watson,0,0,0,0,0,0,0,OKLAHOMA
lf/cf,Kamryn Jackson,3,0,0,0,0,0,1,OKLAHOMA
cf,D'Auna Jennings,0,0,0,0,0,0,0,OKLAHOMA
p,Jala Wright,0,0,0,0,0,0,0,OKLAHOMA
dh,Deja Davis,3,3,3,0,0,0,0,SAN JOSE STATE
ph,Jala Wright,1,0,0,0,0,1,0,SAN JOSE STATE
2b,Aminah Vega,3,0,1,1,0,0,0,SAN JOSE STATE
ph,Francesca Frelick,1,0,0,0,0,1,0,SAN JOSE STATE
1b,Gisele Tapia,2,0,0,0,0,0,0,SAN JOSE STATE
ph/1b,Kristiana Watson,2,1,2,1,0,0,0,SAN JOSE STATE
c,Kairi Rodriguez,2,2,1,1,0,0,0,SAN JOSE STATE
ph,Kelly Torres,1,0,0,0,0,0,1,SAN JOSE STATE
3b,Ana Gold,2,2,1,1,1,0,0,SAN JOSE STATE
lf,Claire Davidson,2,1,2,2,1,0,0,SAN JOSE STATE
rf,Sarah Goddard,3,1,2,2,0,0,0,SAN JOSE STATE
cf,D'Auna Jennings,2,0,0,0,0,0,3,SAN JOSE STATE
ph,Kamryn Jackson,1,0,1,2,0,0,0,SAN JOSE STATE
ss,Jada Baker,3,1,1,0,0,0,1,SAN JOSE STATE
p,Cassidy Curd,0,0,0,0,0,0,0,SAN JOSE STATE
p,Sophie Garner-MacKinnon,0,0,0,0,0,0,0,SAN JOSE STATE
p,Lillie Walker,0,0,0,0,0,0,0,SAN JOSE STATE
lf/dh,Deja Davis,5,2,2,1,0,0,1,LIBERTY
2b,Aminah Vega,5,1,2,2,0,1,3,LIBERTY
1b,Kristiana Watson,3,0,1,2,1,2,0,LIBERTY
ph/c,Francesca Frelick,1,0,1,0,0,0,0,LIBERTY
p,Claire Davidson,3,0,0,0,0,0,2,LIBERTY
p,Jala Wright,2,0,0,0,0,2,0,LIBERTY
dh/c,Kairi Rodriguez,4,1,0,0,0,1,2,LIBERTY
ph,Gisele Tapia,1,0,0,0,0,0,0,LIBERTY
3b,Ana Gold,4,1,2,1,0,0,1,LIBERTY
rf,Sarah Goddard,4,1,1,1,0,1,1,LIBERTY
c,Kelly Torres,1,0,0,0,0,0,0,LIBERTY
ph/lf,Kamryn Jackson,3,0,1,0,0,0,0,LIBERTY
cf,D'Auna Jennings,4,2,4,1,0,0,0,LIBERTY
ss,Jada Baker,0,0,0,0,0,0,0,LIBERTY
ss,Deja Davis,2,2,1,0,1,0,0,STANFORD
cf,D'Auna Jennings,3,0,1,0,0,0,0,STANFORD
2b,Aminah Vega,3,1,0,0,0,1,0,STANFORD
1b,Gisele Tapia,3,0,2,3,0,0,0,STANFORD
pr,Kelsey Zampa,0,1,0,0,0,0,0,STANFORD
c,Kelly Torres,3,0,1,0,0,0,1,STANFORD
3b,Ana Gold,2,0,0,0,0,0,0,STANFORD
dh,Claire Davidson,3,0,0,1,0,1,0,STANFORD
rf,Sarah Goddard,3,0,0,0,0,1,2,STANFORD
lf,Kamryn Jackson,2,0,0,0,0,1,1,STANFORD
p,Jala Wright,0,0,0,0,0,0,0,STANFORD
p,Cassidy Curd,0,0,0,0,0,0,0,STANFORD
dh,Deja Davis,4,0,1,0,0,1,1,ALABAMA
cf,D'Auna Jennings,3,0,0,0,0,0,1,ALABAMA
ph,Kristiana Watson,1,0,0,0,0,0,1,ALABAMA
1b,Gisele Tapia,3,0,1,0,0,0,0,ALABAMA
pr,Kelsey Zampa,0,1,0,0,0,0,0,ALABAMA
c,Kelly Torres,3,2,2,3,0,1,0,ALABAMA
2b,Aminah Vega,2,0,0,0,0,2,0,ALABAMA
ph,Francesca Frelick,0,0,0,0,0,0,0,ALABAMA
3b,Ana Gold,3,0,0,0,0,1,0,ALABAMA
lf/rf,Claire Davidson,3,1,1,0,0,0,1,ALABAMA
rf,Sarah Goddard,1,0,0,0,0,1,0,ALABAMA
ph/lf,Kamryn Jackson,1,0,0,1,0,1,0,ALABAMA
ss,Jada Baker,2,0,1,0,0,0,0,ALABAMA
ph,Kairi Rodriguez,1,0,0,0,0,1,0,ALABAMA
p,Jala Wright,0,0,0,0,0,0,0,ALABAMA
p,Cassidy Curd,0,0,0,0,0,0,0,ALABAMA
dh,Deja Davis,3,0,1,0,0,0,3,USF
ph,Julia Boyet,1,0,0,0,0,0,0,USF
cf,D'Auna Jennings,4,1,2,0,0,1,0,USF
c,Kelly Torres,3,0,0,0,0,0,0,USF
c,Francesca Frelick,1,0,0,0,0,0,0,USF
1b,Kristiana Watson,2,0,0,0,0,0,0,USF
ph/1b,Gisele Tapia,1,1,1,2,1,0,0,USF
p/rf,Claire Davidson,3,1,2,1,0,0,0,USF
ph/rf,Sarah Goddard,1,0,0,0,0,1,1,USF
3b,Ana Gold,1,1,0,0,0,0,0,USF
2b,Aminah Vega,2,1,1,0,0,1,0,USF
ph,Kennedy Barron,1,0,0,0,0,1,1,USF
ss,Jada Baker,2,0,0,1,1,0,0,USF
lf,Kamryn Jackson,2,0,1,1,1,0,0,USF
rf,Kelsey Zampa,0,0,0,0,0,0,0,USF
p,Sophie Garner-MacKinnon,0,0,0,0,0,0,0,USF
ss,Deja Davis,3,1,1,2,0,0,0,ARKANSAS
cf,D'Auna Jennings,3,0,0,0,0,1,1,ARKANSAS
1b,Gisele Tapia,4,1,2,0,0,1,0,ARKANSAS
c,Kelly Torres,3,1,2,2,0,0,1,ARKANSAS
lf,Claire Davidson,3,1,2,1,0,0,0,ARKANSAS
dh,Kristiana Watson,2,0,1,0,0,1,0,ARKANSAS
pr,Kelsey Zampa,0,1,0,0,0,0,0,ARKANSAS
ph,Kamryn Jackson,1,0,0,0,0,1,0,ARKANSAS
3b,Ana Gold,3,1,2,1,0,0,0,ARKANSAS
rf,Sarah Goddard,3,1,1,1,0,1,0,ARKANSAS
2b,Aminah Vega,2,0,0,0,0,1,1,ARKANSAS
ph,Francesca Frelick,1,0,0,0,0,0,2,ARKANSAS
p,Cassidy Curd,0,0,0,0,0,0,0,ARKANSAS
p,Jala Wright,0,0,0,0,0,0,0,ARKANSAS
lf,Deja Davis,1,0,0,0,1,0,0,UCF
lf/rf,Francesca Frelick,1,0,0,0,1,0,0,UCF
pr/lf,Kamryn Jackson,0,0,0,0,0,0,0,UCF
cf,D'Auna Jennings,3,0,1,0,0,0,0,UCF
ph,Julia Boyet,1,0,0,0,0,0,0,UCF
1b,Gisele Tapia,3,0,1,0,1,0,0,UCF
c,Kelly Torres,3,0,0,0,0,1,3,UCF
p/lf,Claire Davidson,4,1,2,0,0,0,2,UCF
dh,Kristiana Watson,2,0,0,0,0,1,0,UCF
p,Cassidy Curd,1,0,0,0,0,1,0,UCF
3b,Ana Gold,4,1,1,1,0,1,0,UCF
rf/lf,Sarah Goddard,4,2,1,1,0,1,2,UCF
p,Jala Wright,0,0,0,0,0,0,0,UCF
2b,Aminah Vega,4,0,0,2,0,0,0,UCF
ss,Jada Baker,0,0,0,0,0,0,0,UCF
3b,Ana Gold,3,1,0,0,1,1,1,MICHIGAN
cf,D'Auna Jennings,4,2,2,1,0,0,1,MICHIGAN
1b,Gisele Tapia,3,2,3,2,0,0,0,MICHIGAN
pr,Kelsey Zampa,0,0,0,0,0,0,0,MICHIGAN
dh,Kelly Torres,2,0,0,0,0,1,0,MICHIGAN
c,Kairi Rodriguez,1,0,0,0,0,1,0,MICHIGAN
p/dh,Claire Davidson,3,1,2,2,1,0,0,MICHIGAN
rf,Sarah Goddard,3,0,1,1,0,2,3,MICHIGAN
ph,Kristiana Watson,1,0,0,0,0,0,0,MICHIGAN
2b,Aminah Vega,3,0,1,0,0,1,1,MICHIGAN
ss,Jada Baker,3,0,0,0,0,1,0,MICHIGAN
lf,Kamryn Jackson,3,0,1,0,0,2,0,MICHIGAN
c,Francesca Frelick,0,0,0,0,0,0,0,MICHIGAN
p,Jala Wright,0,0,0,0,0,0,0,MICHIGAN
dh,Deja Davis,2,1,0,0,1,0,1,CHARLESTON SOUTHERN
cf/pr,D'Auna Jennings,2,3,2,0,0,0,0,CHARLESTON SOUTHERN
ph,Kelly Torres,0,0,0,1,1,0,0,CHARLESTON SOUTHERN
1b,Gisele Tapia,1,1,1,1,1,0,0,CHARLESTON SOUTHERN
pr,Kamryn Jackson,0,0,0,0,0,0,0,CHARLESTON SOUTHERN
rf,Claire Davidson,3,1,1,3,0,0,0,CHARLESTON SOUTHERN
3b,Ana Gold,2,1,0,0,1,0,0,CHARLESTON SOUTHERN
2b,Aminah Vega,2,0,1,1,0,0,1,CHARLESTON SOUTHERN
2b,Julia Boyet,0,0,0,0,0,0,0,CHARLESTON SOUTHERN
lf,Kelsey Zampa,2,1,1,0,0,0,0,CHARLESTON SOUTHERN
c,Francesca Frelick,2,0,1,0,0,0,0,CHARLESTON SOUTHERN
ss,Jada Baker,2,1,1,0,0,0,0,CHARLESTON SOUTHERN
p,Sophie Garner-MacKinnon,0,0,0,0,0,0,0,CHARLESTON SOUTHERN
p,Lillie Walker,0,0,0,0,0,0,0,CHARLESTON SOUTHERN
3b/ss,Ana Gold,4,3,3,3,0,0,1,CHARLESTON SOUTHERN
rf/cf,Sarah Goddard,2,0,0,0,0,0,0,CHARLESTON SOUTHERN
1b/3b,Gisele Tapia,3,0,1,1,0,0,0,CHARLESTON SOUTHERN
dh,Kelly Torres,2,1,1,2,0,0,1,CHARLESTON SOUTHERN
lf,Claire Davidson,3,0,0,0,0,0,1,CHARLESTON SOUTHERN
cf,Kelsey Zampa,1,0,0,0,0,1,0,CHARLESTON SOUTHERN
ph/rf,Francesca Frelick,1,1,1,0,0,0,0,CHARLESTON SOUTHERN
ph,Kennedy Barron,1,0,0,0,0,0,0,CHARLESTON SOUTHERN
c,Kairi Rodriguez,3,1,1,1,0,0,0,CHARLESTON SOUTHERN
2b/pr,Julia Boyet,1,1,0,0,1,0,0,CHARLESTON SOUTHERN
ph,Kristiana Watson,0,0,0,0,1,0,0,CHARLESTON SOUTHERN
ss/2b,Jada Baker,2,0,0,0,0,0,0,CHARLESTON SOUTHERN
ph,Aminah Vega,1,1,1,0,0,0,0,CHARLESTON SOUTHERN
p,Lillie Walker,0,0,0,0,0,0,0,CHARLESTON SOUTHERN
p,Jala Wright,0,0,0,0,0,0,0,CHARLESTON SOUTHERN
3b,Ana Gold,4,1,1,2,0,2,0,RIDER
cf,D'Auna Jennings,4,1,1,0,0,1,1,RIDER
1b,Gisele Tapia,2,0,0,1,0,1,0,RIDER
lf,Deja Davis,2,0,0,0,0,0,0,RIDER
rf,Sarah Goddard,0,0,0,0,1,0,0,RIDER
c,Kelly Torres,2,0,0,0,0,0,1,RIDER
c,Francesca Frelick,1,0,1,0,0,0,0,RIDER
p/lf,Claire Davidson,3,0,0,0,0,0,0,RIDER
dh/1b,Kristiana Watson,3,0,0,0,0,1,2,RIDER
ss,Jada Baker,2,1,0,0,1,0,0,RIDER
2b,Aminah Vega,3,1,2,0,0,0,0,RIDER
rf,Kelsey Zampa,0,0,0,0,0,0,0,RIDER
p,Sophie Garner-MacKinnon,0,0,0,0,0,0,0,RIDER
of,Deja Davis,3,3,2,0,1,0,0,CAMPBELL
cf,D'Auna Jennings,2,0,0,0,0,0,0,CAMPBELL
ph/cf,Sarah Goddard,2,1,2,2,0,0,0,CAMPBELL
2b,Gisele Tapia,3,0,0,2,0,0,0,CAMPBELL
ph/2b,Julia Boyet,1,0,0,0,0,0,0,CAMPBELL
c,Kelly Torres,3,0,0,0,0,0,0,CAMPBELL
ph,Kristiana Watson,1,0,0,0,0,0,0,CAMPBELL
lf,Claire Davidson,3,0,0,0,1,0,1,CAMPBELL
3b,Ana Gold,3,1,2,1,0,0,0,CAMPBELL
rf,Francesca Frelick,4,1,1,2,0,0,3,CAMPBELL
ss,Jada Baker,2,0,1,0,0,0,0,CAMPBELL
ph,Kelsey Zampa,1,0,0,0,0,0,0,CAMPBELL
1b,Aminah Vega,3,1,1,0,0,0,2,CAMPBELL
p,Jala Wright,0,0,0,0,0,0,0,CAMPBELL
p,Lillie Walker,0,0,0,0,0,0,0,CAMPBELL
dh,Deja Davis,3,1,1,2,0,1,0,OHIO
cf,D'Auna Jennings,4,0,1,0,0,0,0,OHIO
2b,Gisele Tapia,1,0,0,1,0,0,1,OHIO
2b,Julia Boyet,2,0,0,0,0,0,0,OHIO
3b,Ana Gold,1,1,0,0,1,0,0,OHIO
ph,Kristiana Watson,1,0,0,0,0,0,0,OHIO
lf,Claire Davidson,2,1,1,0,0,0,0,OHIO
lf,Kelsey Zampa,1,0,0,0,0,0,0,OHIO
c,Francesca Frelick,2,1,1,0,0,0,0,OHIO
ph/c,Kairi Rodriguez,1,0,0,0,0,0,3,OHIO
rf,Sarah Goddard,3,1,1,1,0,0,0,OHIO
ss,Jada Baker,2,1,0,0,1,0,0,OHIO
1b,Aminah Vega,3,1,1,2,0,0,1,OHIO
p,Lillie Walker,0,0,0,0,0,0,0,OHIO
p,Sophie Garner-MacKinnon,0,0,0,0,0,0,0,OHIO
ss,Deja Davis,3,3,3,1,1,0,0,CAMPBELL
cf,D'Auna Jennings,2,1,1,0,0,0,0,CAMPBELL
ph/cf,Sarah Goddard,1,1,0,0,1,0,1,CAMPBELL
1b,Gisele Tapia,2,1,1,1,0,0,0,CAMPBELL
1b,Kennedy Barron,1,0,0,0,0,0,0,CAMPBELL
c,Kelly Torres,3,0,2,2,0,0,0,CAMPBELL
lf,Claire Davidson,3,0,2,4,0,0,0,CAMPBELL
cf,Kelsey Zampa,1,0,0,0,0,1,0,CAMPBELL
3b,Ana Gold,3,0,0,0,0,1,3,CAMPBELL
ph,Kristiana Watson,1,0,0,0,0,0,1,CAMPBELL
rf,Francesca Frelick,3,2,2,0,0,0,2,CAMPBELL
dh,Jada Baker,3,1,2,0,0,0,0,CAMPBELL
2b,Aminah Vega,3,2,1,0,0,1,0,CAMPBELL
p,Cassidy Curd,0,0,0,0,0,0,0,CAMPBELL
dh,Deja Davis,1,1,0,0,1,0,0,NORTH CAROLINA CENTRAL
ph,Kennedy Barron,1,1,1,2,0,0,0,NORTH CAROLINA CENTRAL
cf,D'Auna Jennings,4,2,4,3,0,0,0,NORTH CAROLINA CENTRAL
1b,Gisele Tapia,3,1,2,2,1,0,0,NORTH CAROLINA CENTRAL
pr,Kelsey Zampa,0,0,0,0,0,0,0,NORTH CAROLINA CENTRAL
c,Kelly Torres,1,1,1,0,1,0,0,NORTH CAROLINA CENTRAL
ph/c,Kairi Rodriguez,0,0,0,1,1,0,0,NORTH CAROLINA CENTRAL
lf/rf,Claire Davidson,2,1,0,0,1,2,2,NORTH CAROLINA CENTRAL
ph/rf,Sarah Goddard,1,0,0,0,0,0,1,NORTH CAROLINA CENTRAL
rf,Francesca Frelick,0,1,0,1,2,0,0,NORTH CAROLINA CENTRAL
ph/lf,Kamryn Jackson,1,0,0,0,0,0,3,NORTH CAROLINA CENTRAL
3b,Ana Gold,3,1,2,2,0,0,0,NORTH CAROLINA CENTRAL
ss,Jada Baker,1,0,0,0,0,1,2,NORTH CAROLINA CENTRAL
ph/2b,Julia Boyet,0,1,0,0,1,0,0,NORTH CAROLINA CENTRAL
2b/ss,Aminah Vega,3,2,2,1,0,0,0,NORTH CAROLINA CENTRAL
p,Lillie Walker,0,0,0,0,0,0,0,NORTH CAROLINA CENTRAL
p,Sophie Garner-MacKinnon,0,0,0,0,0,0,0,NORTH CAROLINA CENTRAL
3b/ss,Ana Gold,4,3,3,4,0,0,0,NORTH CAROLINA CENTRAL
2b,Aminah Vega,3,0,1,1,0,0,0,NORTH CAROLINA CENTRAL
dh,Kelly Torres,2,0,0,0,1,0,0,NORTH CAROLINA CENTRAL
c,Francesca Frelick,2,1,0,0,0,0,0,NORTH CAROLINA CENTRAL
c/ph,Kairi Rodriguez,1,0,0,0,0,0,0,NORTH CAROLINA CENTRAL
rf,Sarah Goddard,3,1,1,1,0,0,0,NORTH CAROLINA CENTRAL
1b,Kristiana Watson,1,1,1,0,2,0,0,NORTH CAROLINA CENTRAL
pr,D'Auna Jennings,0,0,0,0,0,0,0,NORTH CAROLINA CENTRAL
ss,Jada Baker,2,0,0,0,0,0,3,NORTH CAROLINA CENTRAL
3b,Gisele Tapia,1,0,0,0,0,0,0,NORTH CAROLINA CENTRAL
cf,Kelsey Zampa,2,1,1,0,1,0,0,NORTH CAROLINA CENTRAL
lf,Kamryn Jackson,3,1,2,0,0,0,0,NORTH CAROLINA CENTRAL
p,Jala Wright,0,0,0,0,0,0,0,NORTH CAROLINA CENTRAL
p,Cassidy Curd,0,0,0,0,0,0,0,NORTH CAROLINA CENTRAL
p,Claire Davidson,0,0,0,0,0,0,0,NORTH CAROLINA CENTRAL
dh,Deja Davis,3,1,2,2,0,0,0,NOTRE DAME
cf/pr,D'Auna Jennings,1,0,0,0,0,1,0,NOTRE DAME
ph/cf,Kamryn Jackson,2,0,0,0,0,2,1,NOTRE DAME
ph,Kairi Rodriguez,1,0,1,1,0,0,0,NOTRE DAME
1b,Gisele Tapia,3,0,1,0,1,0,2,NOTRE DAME
c,Kelly Torres,3,0,1,1,0,0,2,NOTRE DAME
p/lf,Claire Davidson,3,0,1,0,0,1,0,NOTRE DAME
rf,Francesca Frelick,4,0,0,0,0,0,3,NOTRE DAME
3b,Ana Gold,3,2,0,0,1,1,1,NOTRE DAME
ss/pr,Jada Baker,1,1,1,0,0,0,0,NOTRE DAME
ph,Kristiana Watson,1,0,0,0,0,0,0,NOTRE DAME
2b/pr,Aminah Vega,2,0,0,0,0,2,0,NOTRE DAME
ph,Julia Boyet,1,0,1,0,0,0,0,NOTRE DAME
lf,Sarah Goddard,0,0,0,0,0,0,0,NOTRE DAME
p,Jala Wright,0,0,0,0,0,0,0,NOTRE DAME
dh,Deja Davis,1,1,1,0,1,0,0,NOTRE DAME
c,Kairi Rodriguez,1,0,0,1,0,0,0,NOTRE DAME
cf,D'Auna Jennings,3,0,1,0,0,1,1,NOTRE DAME
ph,Francesca Frelick,1,0,0,0,0,0,0,NOTRE DAME
1b,Gisele Tapia,3,0,1,1,0,0,3,NOTRE DAME
c,Kelly Torres,3,1,1,0,0,0,0,NOTRE DAME
lf,Claire Davidson,3,0,0,0,0,1,1,NOTRE DAME
rf,Sarah Goddard,2,1,0,0,0,1,0,NOTRE DAME
3b,Ana Gold,2,3,2,4,1,0,0,NOTRE DAME
ss,Jada Baker,3,0,1,0,0,0,0,NOTRE DAME
2b,Aminah Vega,3,0,1,0,0,0,0,NOTRE DAME
p,Cassidy Curd,0,0,0,0,0,0,0,NOTRE DAME
p,Jala Wright,0,0,0,0,0,0,0,NOTRE DAME
dh,Deja Davis,3,0,0,0,0,1,0,NOTRE DAME
cf,D'Auna Jennings,3,1,2,0,0,0,0,NOTRE DAME
1b,Gisele Tapia,2,1,0,0,1,1,0,NOTRE DAME
3b,Ana Gold,3,1,1,3,0,1,0,NOTRE DAME
lf,Claire Davidson,2,0,1,0,0,1,0,NOTRE DAME
2b,Aminah Vega,2,0,0,0,0,0,0,NOTRE DAME
c,Francesca Frelick,2,0,0,0,0,0,0,NOTRE DAME
ss,Jada Baker,1,0,0,0,0,0,0,NOTRE DAME
ph,Kelsey Zampa,1,0,0,0,0,0,0,NOTRE DAME
rf,Sarah Goddard,2,1,1,1,0,1,0,NOTRE DAME
p,Jala Wright,0,0,0,0,0,0,0,NOTRE DAME
p,Cassidy Curd,0,0,0,0,0,0,0,NOTRE DAME
p,Lillie Walker,0,0,0,0,0,0,0,NOTRE DAME
dh,Deja Davis,4,0,2,0,1,1,0,CHARLOTTE
cf,D'Auna Jennings,5,1,4,0,0,0,1,CHARLOTTE
1b,Gisele Tapia,4,1,2,1,0,0,0,CHARLOTTE
3b,Ana Gold,2,1,1,2,2,0,0,CHARLOTTE
lf/p,Claire Davidson,4,0,0,0,0,0,8,CHARLOTTE
lf,Kelsey Zampa,1,0,0,0,0,0,0,CHARLOTTE
lf,Kamryn Jackson,0,0,0,0,0,0,0,CHARLOTTE
2b,Aminah Vega,4,1,2,0,0,0,0,CHARLOTTE
c,Francesca Frelick,3,0,0,0,0,1,0,CHARLOTTE
ss,Jada Baker,3,0,0,0,0,0,0,CHARLOTTE
ph,Kairi Rodriguez,1,1,1,2,0,0,0,CHARLOTTE
rf,Sarah Goddard,3,0,0,0,0,0,0,CHARLOTTE
ph,Kristiana Watson,1,0,0,0,0,0,0,CHARLOTTE
p,Cassidy Curd,0,0,0,0,0,0,0,CHARLOTTE
p,Jala Wright,0,0,0,0,0,0,0,CHARLOTTE
p,Lillie Walker,0,0,0,0,0,0,0,CHARLOTTE
dh,Deja Davis,1,0,0,0,2,1,0,LOUISVILLE
lf,Kamryn Jackson,1,0,0,0,0,0,0,LOUISVILLE
cf/pr,D'Auna Jennings,3,1,2,2,0,1,3,LOUISVILLE
ph,Kristiana Watson,0,0,0,1,1,0,0,LOUISVILLE
1b,Gisele Tapia,4,0,1,1,0,0,3,LOUISVILLE
3b,Ana Gold,3,2,1,1,0,0,1,LOUISVILLE
c/dh,Kairi Rodriguez,4,2,2,1,0,0,1,LOUISVILLE
2b,Aminah Vega,4,1,2,1,0,1,0,LOUISVILLE
lf/rf,Claire Davidson,3,1,1,1,0,0,0,LOUISVILLE
rf,Kelsey Zampa,1,0,1,0,0,0,0,LOUISVILLE
ss,Jada Baker,3,1,1,0,0,0,0,LOUISVILLE
ph,Sarah Goddard,1,0,0,0,0,0,0,LOUISVILLE
rf/c,Francesca Frelick,4,1,2,0,0,1,1,LOUISVILLE
p,Jala Wright,0,0,0,0,0,0,0,LOUISVILLE
p,Lillie Walker,0,0,0,0,0,0,0,LOUISVILLE
dh,Deja Davis,2,0,2,0,2,0,0,LOUISVILLE
cf,D'Auna Jennings,3,0,1,0,0,0,0,LOUISVILLE
ph,Kelly Torres,1,0,0,0,0,0,0,LOUISVILLE
1b,Gisele Tapia,3,1,1,1,0,0,0,LOUISVILLE
3b,Ana Gold,3,1,0,0,0,0,4,LOUISVILLE
c,Kairi Rodriguez,2,1,0,0,1,0,0,LOUISVILLE
2b,Aminah Vega,3,1,2,4,0,0,0,LOUISVILLE
lf,Claire Davidson,2,0,1,0,0,0,1,LOUISVILLE
ss,Jada Baker,2,0,0,0,0,0,1,LOUISVILLE
ph,Kristiana Watson,1,0,0,0,0,0,0,LOUISVILLE
rf,Francesca Frelick,3,1,1,0,0,0,1,LOUISVILLE
p,Sophie Garner-MacKinnon,0,0,0,0,0,0,0,LOUISVILLE
p,Lillie Walker,0,0,0,0,0,0,0,LOUISVILLE
ss/rf,Deja Davis,5,1,3,3,0,1,0,LOUISVILLE
cf,D'Auna Jennings,4,1,1,0,0,0,1,LOUISVILLE
1b,Gisele Tapia,4,0,1,1,0,0,1,LOUISVILLE
dh/ph,Kelly Torres,3,0,2,1,0,0,0,LOUISVILLE
rf,Sarah Goddard,1,0,0,0,0,1,0,LOUISVILLE
3b,Ana Gold,3,2,1,1,1,0,2,LOUISVILLE
c/dh,Kairi Rodriguez,2,1,1,0,2,0,0,LOUISVILLE
pr,Kelsey Zampa,0,0,0,0,0,0,0,LOUISVILLE
ss,Jada Baker,0,0,0,0,0,0,0,LOUISVILLE
2b,Aminah Vega,4,0,2,1,0,0,2,LOUISVILLE
lf,Claire Davidson,1,0,0,0,0,0,2,LOUISVILLE
lf,Kamryn Jackson,1,1,0,0,0,0,0,LOUISVILLE
rf/c,Francesca Frelick,3,3,2,2,1,0,1,LOUISVILLE
p,Jala Wright,0,0,0,0,0,0,0,LOUISVILLE
p,Cassidy Curd,0,0,0,0,0,0,0,LOUISVILLE
p,Lillie Walker,0,0,0,0,0,0,0,LOUISVILLE
dh,Deja Davis,2,1,1,1,1,0,0,JAMES MADISON
c,Kairi Rodriguez,1,0,0,0,0,1,0,JAMES MADISON
cf,D'Auna Jennings,2,0,0,0,0,2,0,JAMES MADISON
ph,Sarah Goddard,1,0,0,0,0,0,3,JAMES MADISON
1b/3b,Gisele Tapia,3,1,2,1,0,0,0,JAMES MADISON
ph,Kennedy Barron,1,0,0,0,0,1,1,JAMES MADISON
3b/ss,Ana Gold,3,1,1,0,0,0,0,JAMES MADISON
c,Kelly Torres,2,1,0,0,1,1,0,JAMES MADISON
2b,Aminah Vega,2,1,1,2,1,0,0,JAMES MADISON
2b,Julia Boyet,0,0,0,0,0,0,0,JAMES MADISON
lf/p,Claire Davidson,2,0,0,0,1,0,0,JAMES MADISON
ss,Jada Baker,2,0,1,0,0,1,2,JAMES MADISON
1b,Kristiana Watson,1,0,0,0,0,1,1,JAMES MADISON
rf,Francesca Frelick,1,0,0,0,1,0,0,JAMES MADISON
lf,Kelsey Zampa,0,0,0,0,0,0,0,JAMES MADISON
p,Jala Wright,0,0,0,0,0,0,0,JAMES MADISON
lf,Kamryn Jackson,0,0,0,0,0,0,0,JAMES MADISON
p,Sophie Garner-MacKinnon,0,0,0,0,0,0,0,JAMES MADISON
p,Cassidy Curd,0,0,0,0,0,0,0,JAMES MADISON
dh/ss,Deja Davis,3,1,0,0,2,0,1,NORTH CAROLINA
cf,D'Auna Jennings,2,1,2,0,1,0,0,NORTH CAROLINA
ph,Kamryn Jackson,0,0,0,1,1,0,0,NORTH CAROLINA
1b,Gisele Tapia,4,1,1,1,0,0,0,NORTH CAROLINA
3b,Ana Gold,4,1,1,1,0,1,0,NORTH CAROLINA
c,Kelly Torres,3,2,1,2,1,0,3,NORTH CAROLINA
2b,Aminah Vega,4,1,2,1,0,1,0,NORTH CAROLINA
lf,Claire Davidson,4,1,3,2,0,0,0,NORTH CAROLINA
ss,Jada Baker,1,0,0,0,0,0,1,NORTH CAROLINA
ph/dh,Kairi Rodriguez,2,0,0,0,1,0,0,NORTH CAROLINA
rf,Francesca Frelick,3,1,1,0,0,0,0,NORTH CAROLINA
ph,Kelsey Zampa,1,0,0,0,0,0,2,NORTH CAROLINA
p,Jala Wright,0,0,0,0,0,0,0,NORTH CAROLINA
p,Lillie Walker,0,0,0,0,0,0,0,NORTH CAROLINA
p,Cassidy Curd,0,0,0,0,0,0,0,NORTH CAROLINA
dh,Deja Davis,4,0,1,0,0,0,0,NORTH CAROLINA
cf,D'Auna Jennings,3,0,1,0,0,0,0,NORTH CAROLINA
ph,Kairi Rodriguez,1,0,0,0,0,0,2,NORTH CAROLINA
1b,Gisele Tapia,4,1,1,0,0,0,0,NORTH CAROLINA
pr,Jala Wright,0,0,0,0,0,0,0,NORTH CAROLINA
3b,Ana Gold,4,2,2,3,0,1,0,NORTH CAROLINA
c,Kelly Torres,3,2,0,0,1,0,0,NORTH CAROLINA
2b,Aminah Vega,2,1,0,0,0,2,0,NORTH CAROLINA
p/rf,Claire Davidson,3,0,0,0,0,0,0,NORTH CAROLINA
ss,Jada Baker,2,1,1,1,0,0,0,NORTH CAROLINA
ph,Francesca Frelick,1,0,1,2,0,0,0,NORTH CAROLINA
lf,Kamryn Jackson,1,0,0,0,0,1,0,NORTH CAROLINA
lf,Kelsey Zampa,2,0,1,0,0,0,2,NORTH CAROLINA
rf,Sarah Goddard,0,0,0,0,0,0,0,NORTH CAROLINA
p,Sophie Garner-MacKinnon,0,0,0,0,0,0,0,NORTH CAROLINA
dh,Deja Davis,3,1,2,2,0,0,1,NORTH CAROLINA
ph,Kristiana Watson,1,0,0,0,0,0,0,NORTH CAROLINA
cf,D'Auna Jennings,3,0,1,0,0,0,0,NORTH CAROLINA
ph,Kelsey Zampa,1,0,0,0,0,1,0,NORTH CAROLINA
1b,Gisele Tapia,2,0,0,0,0,0,2,NORTH CAROLINA
3b,Ana Gold,2,0,0,0,0,0,0,NORTH CAROLINA
ph,Julia Boyet,1,0,0,0,0,0,0,NORTH CAROLINA
c,Kelly Torres,3,0,0,0,0,0,1,NORTH CAROLINA
2b,Aminah Vega,3,1,1,0,0,0,2,NORTH CAROLINA
lf,Claire Davidson,2,2,1,0,1,0,0,NORTH CAROLINA
ss,Jada Baker,2,3,2,3,1,0,0,NORTH CAROLINA
rf,Francesca Frelick,3,1,2,2,0,0,0,NORTH CAROLINA
p,Cassidy Curd,0,0,0,0,0,0,0,NORTH CAROLINA
dh,Deja Davis,4,0,0,0,0,1,5,LIBERTY
cf,D'Auna Jennings,4,2,3,0,0,0,0,LIBERTY
1b,Gisele Tapia,4,1,3,0,0,0,0,LIBERTY
pr,Kamryn Jackson,0,1,0,0,0,0,0,LIBERTY
3b,Ana Gold,2,0,0,0,1,1,0,LIBERTY
c,Kairi Rodriguez,1,0,0,0,0,0,2,LIBERTY
c,Kelly Torres,2,1,0,1,1,0,0,LIBERTY
2b,Aminah Vega,2,2,1,1,1,0,0,LIBERTY
lf,Claire Davidson,3,0,2,0,0,0,0,LIBERTY
ph,Julia Boyet,0,0,0,1,0,0,0,LIBERTY
ss,Jada Baker,3,0,1,1,0,0,1,LIBERTY
ph,Sarah Goddard,1,0,0,0,0,0,2,LIBERTY
rf,Francesca Frelick,2,0,1,0,0,0,0,LIBERTY
ph/rf,Kelsey Zampa,0,0,0,0,0,0,0,LIBERTY
p,Sophie Garner-MacKinnon,0,0,0,0,0,0,0,LIBERTY
p,Jala Wright,0,0,0,0,0,0,0,LIBERTY
p,Cassidy Curd,0,0,0,0,0,0,0,LIBERTY
p,Lillie Walker,0,0,0,0,0,0,0,LIBERTY
dh,Deja Davis,3,0,0,0,0,0,1,FLORIDA STATE
cf,D'Auna Jennings,2,0,0,0,0,0,0,FLORIDA STATE
ph,Kairi Rodriguez,1,0,0,0,0,1,0,FLORIDA STATE
1b,Gisele Tapia,3,0,1,1,0,0,0,FLORIDA STATE
pr,Kamryn Jackson,0,0,0,0,0,0,0,FLORIDA STATE
3b,Ana Gold,2,0,1,0,1,0,0,FLORIDA STATE
2b,Aminah Vega,3,0,0,0,0,2,3,FLORIDA STATE
c,Kelly Torres,3,0,0,0,0,0,0,FLORIDA STATE
lf,Claire Davidson,2,0,0,0,0,1,0,FLORIDA STATE
ss,Jada Baker,2,0,0,0,0,0,0,FLORIDA STATE
ph,Sarah Goddard,1,0,0,0,0,0,0,FLORIDA STATE
rf,Francesca Frelick,2,1,1,0,0,0,0,FLORIDA STATE
p,Jala Wright,0,0,0,0,0,0,0,FLORIDA STATE
p,Lillie Walker,0,0,0,0,0,0,0,FLORIDA STATE
dh,Deja Davis,2,0,0,0,0,1,2,FLORIDA STATE
ph,Kairi Rodriguez,1,0,0,0,0,1,2,FLORIDA STATE
cf,D'Auna Jennings,3,0,0,0,0,0,0,FLORIDA STATE
1b,Gisele Tapia,3,0,0,0,0,1,0,FLORIDA STATE
3b,Ana Gold,3,0,1,0,0,0,0,FLORIDA STATE
lf,Claire Davidson,2,1,1,0,1,0,1,FLORIDA STATE
c,Kelly Torres,2,0,1,0,1,0,0,FLORIDA STATE
pr,Kelsey Zampa,0,0,0,0,0,0,0,FLORIDA STATE
2b,Aminah Vega,3,1,1,2,0,0,0,FLORIDA STATE
ss,Jada Baker,1,0,1,0,0,0,0,FLORIDA STATE
ph,Kamryn Jackson,1,0,1,0,0,0,0,FLORIDA STATE
rf,Francesca Frelick,2,0,0,0,1,0,3,FLORIDA STATE
p,Cassidy Curd,0,0,0,0,0,0,0,FLORIDA STATE
p,Lillie Walker,0,0,0,0,0,0,0,FLORIDA STATE
3b,Ana Gold,3,1,1,0,0,1,0,FLORIDA STATE
cf,D'Auna Jennings,3,1,1,0,0,0,0,FLORIDA STATE
1b,Gisele Tapia,2,0,1,1,0,0,0,FLORIDA STATE
pr,Kelsey Zampa,0,1,0,0,0,0,0,FLORIDA STATE
lf,Claire Davidson,2,0,0,0,0,0,0,FLORIDA STATE
c,Kelly Torres,2,0,0,0,0,1,0,FLORIDA STATE
2b,Aminah Vega,1,0,0,0,0,0,0,FLORIDA STATE
ph,Julia Boyet,1,0,0,0,0,1,0,FLORIDA STATE
rf,Francesca Frelick,2,0,0,0,0,0,0,FLORIDA STATE
ss,Jada Baker,1,0,0,0,0,0,0,FLORIDA STATE
ph,Kristiana Watson,1,0,0,0,0,0,2,FLORIDA STATE
dh,Kamryn Jackson,2,0,0,0,0,1,0,FLORIDA STATE
p,Sophie Garner-MacKinnon,0,0,0,0,0,0,0,FLORIDA STATE
p,Jala Wright,0,0,0,0,0,0,0,FLORIDA STATE
p,Cassidy Curd,0,0,0,0,0,0,0,FLORIDA STATE
dp,Deja Davis,4,1,1,1,0,0,1,VIRGINIA TECH
pr,Kelsey Zampa,0,1,0,0,0,0,0,VIRGINIA TECH
cf,D'Auna Jennings,2,0,0,0,0,2,0,VIRGINIA TECH
ph,Sarah Goddard,1,0,0,0,0,1,0,VIRGINIA TECH
ph/cf,Kamryn Jackson,1,1,1,0,0,0,0,VIRGINIA TECH
1b,Gisele Tapia,4,1,2,0,0,0,0,VIRGINIA TECH
3b,Ana Gold,2,1,1,4,1,1,0,VIRGINIA TECH
2b,Aminah Vega,3,1,1,2,0,0,0,VIRGINIA TECH
lf,Claire Davidson,4,0,0,0,0,1,2,VIRGINIA TECH
c,Kelly Torres,3,0,0,0,0,0,1,VIRGINIA TECH
ss,Jada Baker,2,0,0,0,1,1,0,VIRGINIA TECH
rf,Francesca Frelick,3,1,2,0,0,0,1,VIRGINIA TECH
p,Cassidy Curd,0,0,0,0,0,0,0,VIRGINIA TECH
p,Lillie Walker,0,0,0,0,0,0,0,VIRGINIA TECH
dp,Deja Davis,4,2,2,0,0,0,0,VIRGINIA TECH
cf,D'Auna Jennings,4,1,2,0,0,0,0,VIRGINIA TECH
1b,Gisele Tapia,2,0,0,1,0,0,0,VIRGINIA TECH
ph,Kamryn Jackson,1,0,0,0,0,1,0,VIRGINIA TECH
3b,Ana Gold,4,1,2,2,0,1,1,VIRGINIA TECH
2b,Aminah Vega,4,1,1,1,0,1,2,VIRGINIA TECH
c,Francesca Frelick,2,0,0,0,1,0,0,VIRGINIA TECH
lf/rf,Claire Davidson,2,0,1,0,0,0,0,VIRGINIA TECH
ss,Jada Baker,2,0,0,0,1,1,0,VIRGINIA TECH
rf,Sarah Goddard,1,0,0,0,0,1,2,VIRGINIA TECH
ph/lf,Kelsey Zampa,2,0,0,0,0,0,1,VIRGINIA TECH
p,Jala Wright,0,0,0,0,0,0,0,VIRGINIA TECH
dp,Deja Davis,4,0,2,1,0,1,0,VIRGINIA TECH
cf,D'Auna Jennings,3,1,1,0,0,1,1,VIRGINIA TECH
ph,Kairi Rodriguez,1,0,0,0,0,1,1,VIRGINIA TECH
1b,Gisele Tapia,4,1,2,0,0,0,0,VIRGINIA TECH
pr,Kelsey Zampa,0,1,0,0,0,0,0,VIRGINIA TECH
3b,Ana Gold,4,1,1,3,0,2,0,VIRGINIA TECH
2b,Aminah Vega,4,2,2,2,0,0,0,VIRGINIA TECH
lf/ph,Claire Davidson,4,0,2,1,0,0,0,VIRGINIA TECH
lf,Kamryn Jackson,0,0,0,0,0,0,0,VIRGINIA TECH
rf,Francesca Frelick,3,1,1,0,0,0,1,VIRGINIA TECH
ss,Jada Baker,2,0,0,0,0,1,1,VIRGINIA TECH
ph,Kristiana Watson,1,0,0,0,0,1,0,VIRGINIA TECH
c,Kelly Torres,3,1,1,1,0,0,0,VIRGINIA TECH
p,Cassidy Curd,0,0,0,0,0,0,0,VIRGINIA TECH
p,Lillie Walker,0,0,0,0,0,0,0,VIRGINIA TECH
p,Jala Wright,0,0,0,0,0,0,0,VIRGINIA TECH
lf,Sarah Goddard,0,0,0,0,0,0,0,VIRGINIA TECH
dp,Deja Davis,3,2,2,0,0,0,0,UNC WILMINGTON
cf,D'Auna Jennings,1,1,0,0,1,1,0,UNC WILMINGTON
1b,Gisele Tapia,3,1,1,1,0,0,0,UNC WILMINGTON
3b,Ana Gold,1,2,1,3,1,0,0,UNC WILMINGTON
2b/ss,Aminah Vega,2,1,1,3,1,0,0,UNC WILMINGTON
rf,Claire Davidson,2,1,1,0,0,0,0,UNC WILMINGTON
ph/rf,Kelsey Zampa,1,0,0,0,0,1,0,UNC WILMINGTON
c,Francesca Frelick,1,0,1,0,0,0,0,UNC WILMINGTON
c,Kairi Rodriguez,1,0,0,0,0,0,0,UNC WILMINGTON
ss,Jada Baker,2,0,1,1,0,1,0,UNC WILMINGTON
ph/2b,Julia Boyet,1,0,1,0,0,0,0,UNC WILMINGTON
lf,Kamryn Jackson,3,0,0,0,0,1,2,UNC WILMINGTON
p,Jala Wright,0,0,0,0,0,0,0,UNC WILMINGTON
dp,Deja Davis,4,0,1,1,0,0,0,UNC WILMINGTON
cf/pr,D'Auna Jennings,3,0,0,0,0,2,3,UNC WILMINGTON
ph,Kristiana Watson,0,0,0,0,1,0,0,UNC WILMINGTON
1b,Gisele Tapia,3,0,1,0,1,0,0,UNC WILMINGTON
pr,Kelsey Zampa,0,1,0,0,0,0,0,UNC WILMINGTON
3b,Ana Gold,3,1,0,0,1,0,3,UNC WILMINGTON
2b,Aminah Vega,3,1,2,1,0,0,0,UNC WILMINGTON
lf/rf,Claire Davidson,4,0,0,0,0,0,0,UNC WILMINGTON
rf/lf,Francesca Frelick,4,1,1,1,0,1,2,UNC WILMINGTON
ss,Jada Baker,2,0,0,0,0,1,1,UNC WILMINGTON
ph,Sarah Goddard,1,0,0,0,0,1,0,UNC WILMINGTON
c,Kelly Torres,2,1,1,0,1,0,0,UNC WILMINGTON
pr,Kamryn Jackson,0,0,0,0,0,0,0,UNC WILMINGTON
p,Cassidy Curd,0,0,0,0,0,0,0,UNC WILMINGTON
cf,D'Auna Jennings,3,3,2,0,1,0,0,ELON
rf,Francesca Frelick,4,1,0,0,0,0,0,ELON
1b,Gisele Tapia,3,0,2,3,0,0,0,ELON
3b,Ana Gold,3,0,0,0,0,0,1,ELON
2b,Aminah Vega,1,0,0,0,1,0,0,ELON
p/lf,Claire Davidson,3,0,2,1,0,0,0,ELON
dh/c,Kairi Rodriguez,2,0,1,0,1,0,0,ELON
ss,Jada Baker,1,0,0,0,1,0,0,ELON
ph,Kristiana Watson,1,0,0,0,0,0,3,ELON
c,Kelly Torres,2,0,0,0,0,0,2,ELON
ph,Julia Boyet,1,0,0,0,0,0,2,ELON
lf/pr,Kelsey Zampa,0,0,0,0,0,0,0,ELON
p,Sophie Garner-MacKinnon,0,0,0,0,0,0,0,ELON
cf,D'Auna Jennings,1,3,1,0,3,0,0,EAST CAROLINA
dh,Deja Davis,3,2,1,1,1,0,0,EAST CAROLINA
1b,Gisele Tapia,2,1,1,4,0,0,0,EAST CAROLINA
3b,Ana Gold,4,2,2,2,0,1,1,EAST CAROLINA
2b,Aminah Vega,2,1,0,0,2,0,0,EAST CAROLINA
lf,Claire Davidson,1,0,0,1,0,0,0,EAST CAROLINA
ph/lf,Sarah Goddard,1,0,0,0,0,0,0,EAST CAROLINA
rf,Francesca Frelick,2,0,1,1,0,0,0,EAST CAROLINA
ss,Jada Baker,2,1,1,0,0,1,0,EAST CAROLINA
ph,Kamryn Jackson,1,0,0,0,0,0,1,EAST CAROLINA
c,Kelly Torres,3,0,1,1,0,0,2,EAST CAROLINA
pr,Kelsey Zampa,0,1,0,0,0,0,0,EAST CAROLINA
c,Kairi Rodriguez,0,0,0,0,0,0,0,EAST CAROLINA
p,Jala Wright,0,0,0,0,0,0,0,EAST CAROLINA
p,Sophie Garner-MacKinnon,0,0,0,0,0,0,0,EAST CAROLINA
cf,D'Auna Jennings,4,1,2,1,0,1,0,EAST CAROLINA
dh,Deja Davis,3,0,0,0,0,1,0,EAST CAROLINA
1b,Gisele Tapia,3,0,1,1,0,0,0,EAST CAROLINA
3b,Ana Gold,2,0,0,0,1,1,1,EAST CAROLINA
2b,Aminah Vega,3,2,2,0,0,1,0,EAST CAROLINA
lf/ph,Claire Davidson,3,0,2,2,0,0,0,EAST CAROLINA
lf,Sarah Goddard,0,0,0,0,0,0,0,EAST CAROLINA
rf,Francesca Frelick,2,0,0,0,1,0,0,EAST CAROLINA
ss,Jada Baker,2,0,0,0,0,1,2,EAST CAROLINA
ph,Kairi Rodriguez,1,0,0,0,0,0,0,EAST CAROLINA
c,Kelly Torres,3,1,1,0,0,0,0,EAST CAROLINA
p,Cassidy Curd,0,0,0,0,0,0,0,EAST CAROLINA
p,Lillie Walker,0,0,0,0,0,0,0,EAST CAROLINA
cf,D'Auna Jennings,2,1,1,0,1,0,0,BOSTON COLLEGE
ph,Kristiana Watson,1,0,0,0,0,0,0,BOSTON COLLEGE
lf,Claire Davidson,4,1,1,0,0,1,2,BOSTON COLLEGE
1b,Gisele Tapia,3,1,1,1,0,0,0,BOSTON COLLEGE
pr,Kamryn Jackson,0,1,0,0,0,0,0,BOSTON COLLEGE
3b,Ana Gold,2,1,1,2,2,0,0,BOSTON COLLEGE
2b,Aminah Vega,3,0,1,0,1,1,1,BOSTON COLLEGE
dh,Kairi Rodriguez,3,0,0,1,0,2,1,BOSTON COLLEGE
rf,Francesca Frelick,4,0,1,0,0,1,2,BOSTON COLLEGE
pr,Kelsey Zampa,0,1,0,0,0,0,0,BOSTON COLLEGE
ss,Jada Baker,1,0,0,0,2,1,1,BOSTON COLLEGE
c,Kelly Torres,2,0,0,0,0,0,1,BOSTON COLLEGE
p,Jala Wright,0,0,0,0,0,0,0,BOSTON COLLEGE
p,Sophie Garner-MacKinnon,0,0,0,0,0,0,0,BOSTON COLLEGE
cf,D'Auna Jennings,4,1,3,0,0,0,0,BOSTON COLLEGE
dh,Deja Davis,2,0,0,0,2,0,1,BOSTON COLLEGE
1b,Gisele Tapia,3,0,1,1,0,0,0,BOSTON COLLEGE
pr,Kelsey Zampa,0,1,0,0,0,0,0,BOSTON COLLEGE
3b,Ana Gold,2,1,0,0,1,1,2,BOSTON COLLEGE
2b/rf,Aminah Vega,2,0,0,0,1,1,2,BOSTON COLLEGE
lf,Claire Davidson,2,0,0,0,0,0,0,BOSTON COLLEGE
ph/lf,Kamryn Jackson,0,0,0,1,1,0,0,BOSTON COLLEGE
rf,Francesca Frelick,1,0,0,0,0,0,0,BOSTON COLLEGE
ph/2b,Sarah Goddard,1,0,0,0,0,1,0,BOSTON COLLEGE
ss,Jada Baker,2,0,1,0,0,0,0,BOSTON COLLEGE
ph,Kairi Rodriguez,0,0,0,1,0,0,0,BOSTON COLLEGE
c,Kelly Torres,2,0,0,0,0,0,2,BOSTON COLLEGE
p,Cassidy Curd,0,0,0,0,0,0,0,BOSTON COLLEGE
p,Lillie Walker,0,0,0,0,0,0,0,BOSTON COLLEGE
cf,D'Auna Jennings,3,2,3,0,0,0,0,BOSTON COLLEGE
dh,Deja Davis,4,2,2,0,0,0,2,BOSTON COLLEGE
1b,Gisele Tapia,5,0,2,1,0,0,3,BOSTON COLLEGE
pr,Sarah Goddard,0,0,0,0,0,0,0,BOSTON COLLEGE
3b,Ana Gold,4,0,1,1,1,1,0,BOSTON COLLEGE
2b,Aminah Vega,5,0,3,2,0,0,0,BOSTON COLLEGE
p/rf,Claire Davidson,4,0,0,0,1,2,1,BOSTON COLLEGE
c,Kelly Torres,4,0,1,0,0,0,3,BOSTON COLLEGE
pr,Kamryn Jackson,0,0,0,0,0,0,0,BOSTON COLLEGE
ss,Jada Baker,3,0,0,0,1,1,3,BOSTON COLLEGE
ph,Julia Boyet,0,0,0,0,1,0,0,BOSTON COLLEGE
rf/lf,Francesca Frelick,2,0,0,0,1,0,1,BOSTON COLLEGE
ph,Kairi Rodriguez,1,0,0,0,0,1,0,BOSTON COLLEGE
lf,Kelsey Zampa,0,0,0,0,0,0,0,BOSTON COLLEGE
p,Jala Wright,0,0,0,0,0,0,0,BOSTON COLLEGE
cf,D'Auna Jennings,4,1,4,3,0,0,0,UNC GREENSBORO
2b,Aminah Vega,3,1,1,1,1,0,1,UNC GREENSBORO
1b,Gisele Tapia,4,0,3,1,0,0,0,UNC GREENSBORO
pr,Kamryn Jackson,0,0,0,0,0,0,0,UNC GREENSBORO
3b,Ana Gold,4,0,0,0,0,2,3,UNC GREENSBORO
lf,Claire Davidson,2,0,0,0,0,1,0,UNC GREENSBORO
lf,Sarah Goddard,1,0,0,0,0,1,0,UNC GREENSBORO
c,Kelly Torres,3,1,2,0,0,0,1,UNC GREENSBORO
pr,Kelsey Zampa,0,1,0,0,0,0,0,UNC GREENSBORO
dh/c,Kairi Rodriguez,3,1,3,1,0,0,0,UNC GREENSBORO
ss/pr,Jada Baker,2,1,0,0,0,0,0,UNC GREENSBORO
ph,Deja Davis,0,0,0,0,1,0,0,UNC GREENSBORO
rf,Francesca Frelick,3,2,1,1,0,0,0,UNC GREENSBORO
p,Jala Wright,0,0,0,0,0,0,0,UNC GREENSBORO
p,Sophie Garner-MacKinnon,0,0,0,0,0,0,0,UNC GREENSBORO
cf,D'Auna Jennings,3,2,3,1,0,0,0,GEORGIA TECH
dp,Deja Davis,2,1,1,3,0,0,0,GEORGIA TECH
1b,Gisele Tapia,4,0,3,2,0,0,0,GEORGIA TECH
pr,Kelsey Zampa,0,0,0,0,0,0,0,GEORGIA TECH
3b,Ana Gold,3,1,1,1,1,0,0,GEORGIA TECH
2b,Aminah Vega,4,0,2,1,0,0,4,GEORGIA TECH
c,Kelly Torres,3,1,1,1,0,0,1,GEORGIA TECH
lf,Claire Davidson,3,2,2,1,0,0,0,GEORGIA TECH
ss,Jada Baker,3,2,2,0,0,0,0,GEORGIA TECH
rf,Francesca Frelick,2,2,0,0,1,2,0,GEORGIA TECH
p,Cassidy Curd,0,0,0,0,0,0,0,GEORGIA TECH
cf,D'Auna Jennings,4,0,1,1,0,1,0,GEORGIA TECH
dp,Deja Davis,3,0,1,0,0,0,0,GEORGIA TECH
1b,Gisele Tapia,3,1,1,1,0,0,0,GEORGIA TECH
3b,Ana Gold,2,0,0,0,1,0,0,GEORGIA TECH
2b,Aminah Vega,3,0,0,0,0,0,2,GEORGIA TECH
rf,Claire Davidson,1,0,0,0,0,0,0,GEORGIA TECH
rf,Kelsey Zampa,2,0,0,0,0,0,0,GEORGIA TECH
c,Kelly Torres,3,1,2,1,0,0,0,GEORGIA TECH
pr,Sarah Goddard,0,1,0,0,0,0,0,GEORGIA TECH
ss,Jada Baker,1,1,0,0,1,0,0,GEORGIA TECH
ph,Kairi Rodriguez,0,0,0,0,1,0,0,GEORGIA TECH
lf,Kamryn Jackson,3,0,1,1,0,0,1,GEORGIA TECH
p,Jala Wright,0,0,0,0,0,0,0,GEORGIA TECH
cf,D'Auna Jennings,4,1,1,0,0,1,1,GEORGIA TECH
dh/1b,Deja Davis,4,1,1,0,0,1,0,GEORGIA TECH
1b,Kristiana Watson,0,0,0,0,0,0,0,GEORGIA TECH
1b/3b,Gisele Tapia,1,1,0,0,2,0,0,GEORGIA TECH
3b/ss,Ana Gold,2,2,1,3,0,0,0,GEORGIA TECH
2b,Aminah Vega,3,1,2,3,0,0,0,GEORGIA TECH
rf,Claire Davidson,3,0,1,0,0,0,2,GEORGIA TECH
c,Kelly Torres,1,0,0,0,1,0,0,GEORGIA TECH
ph/2b,Julia Boyet,1,0,0,0,0,0,0,GEORGIA TECH
ss,Jada Baker,0,0,0,0,0,0,0,GEORGIA TECH
ph/dh,Kairi Rodriguez,3,0,0,0,0,0,2,GEORGIA TECH
lf,Kamryn Jackson,2,0,0,0,0,0,0,GEORGIA TECH
lf,Kelsey Zampa,0,0,0,0,0,0,0,GEORGIA TECH
p,Jala Wright,0,0,0,0,0,0,0,GEORGIA TECH
p,Sophie Garner-MacKinnon,0,0,0,0,0,0,0,GEORGIA TECH
cf,D'Auna Jennings,5,1,3,0,0,0,2,LONGWOOD
1b,Deja Davis,4,0,0,0,0,0,3,LONGWOOD
3b,Gisele Tapia,4,0,1,1,0,0,0,LONGWOOD
pr,Kamryn Jackson,0,1,0,0,0,0,0,LONGWOOD
ss,Ana Gold,2,0,0,0,2,1,1,LONGWOOD
2b,Aminah Vega,4,1,3,1,0,0,1,LONGWOOD
rf/pr,Claire Davidson,1,0,1,0,2,0,0,LONGWOOD
ph,Julia Boyet,1,0,0,1,0,0,0,LONGWOOD
c/dp,Kelly Torres,3,0,1,0,0,1,3,LONGWOOD
dp/c,Kairi Rodriguez,2,0,0,0,1,2,0,LONGWOOD
dp,Francesca Frelick,1,0,0,0,0,0,0,LONGWOOD
lf,Kelsey Zampa,2,0,0,0,1,1,3,LONGWOOD
ph/lf,Sarah Goddard,0,0,0,0,0,0,0,LONGWOOD
p,Jala Wright,0,0,0,0,0,0,0,LONGWOOD
p,Cassidy Curd,0,0,0,0,0,0,0,LONGWOOD
cf,D'Auna Jennings,3,0,1,2,0,1,3,PITT
ph,Kairi Rodriguez,1,0,0,0,0,0,2,PITT
1b,Deja Davis,3,2,2,1,0,0,0,PITT
3b,Gisele Tapia,3,0,0,0,0,0,1,PITT
ss,Ana Gold,4,0,2,1,0,0,1,PITT
2b,Aminah Vega,4,0,1,0,0,0,0,PITT
lf,Claire Davidson,3,0,1,0,0,1,1,PITT
c,Kelly Torres,2,1,1,0,2,0,0,PITT
pr,Kelsey Zampa,0,0,0,0,0,0,0,PITT
rf,Francesca Frelick,4,1,2,0,0,0,2,PITT
dh,Kamryn Jackson,1,0,0,0,1,1,0,PITT
ph,Kristiana Watson,1,0,0,0,0,0,0,PITT
p,Cassidy Curd,0,0,0,0,0,0,0,PITT
p,Jala Wright,0,0,0,0,0,0,0,PITT
cf,D'Auna Jennings,4,3,2,0,1,0,0,PITT
1b,Deja Davis,4,3,4,5,1,0,0,PITT
3b,Gisele Tapia,5,0,1,3,0,0,0,PITT
ss,Ana Gold,2,0,0,0,0,1,0,PITT
2b,Julia Boyet,3,0,0,0,0,1,3,PITT
2b/ss,Aminah Vega,4,2,3,1,0,0,0,PITT
lf,Claire Davidson,4,1,1,1,0,0,0,PITT
dh/c,Kelly Torres,3,1,1,0,0,0,0,PITT
c,Kairi Rodriguez,3,1,2,1,1,1,2,PITT
pr,Kamryn Jackson,0,1,0,0,0,0,0,PITT
rf,Francesca Frelick,4,0,1,0,0,0,2,PITT
pr,Kelsey Zampa,0,0,0,0,0,0,0,PITT
p,Sophie Garner-MacKinnon,0,0,0,0,0,0,0,PITT
p,Lillie Walker,0,0,0,0,0,0,0,PITT
cf,D'Auna Jennings,5,2,2,1,0,2,0,PITT
1b,Deja Davis,5,1,1,1,0,2,2,PITT
3b,Gisele Tapia,5,2,4,4,0,0,0,PITT
ss,Aminah Vega,4,1,2,2,1,1,1,PITT
c,Kelly Torres,4,1,0,0,1,0,3,PITT
lf,Claire Davidson,4,1,4,2,0,0,0,PITT
pr,Kelsey Zampa,0,1,0,0,0,0,0,PITT
rf,Francesca Frelick,4,1,0,0,0,0,0,PITT
2b/pr,Julia Boyet,3,1,2,1,0,1,0,PITT
ph,Kristiana Watson,1,0,0,0,0,0,0,PITT
dh,Sarah Goddard,2,1,0,0,2,0,2,PITT
p,Cassidy Curd,0,0,0,0,0,0,0,PITT
p,Lillie Walker,0,0,0,0,0,0,0,PITT
cf,D'Auna Jennings,4,0,1,0,0,1,1,GEORGIA TECH
dp,Deja Davis,4,2,3,0,0,0,1,GEORGIA TECH
1b,Gisele Tapia,3,0,0,0,0,1,0,GEORGIA TECH
3b,Ana Gold,3,1,0,0,1,1,3,GEORGIA TECH
2b,Aminah Vega,4,2,3,4,0,0,0,GEORGIA TECH
lf,Claire Davidson,1,0,0,0,0,0,0,GEORGIA TECH
ph/lf,Kamryn Jackson,1,0,0,0,0,0,0,GEORGIA TECH
c,Kelly Torres,2,1,1,1,1,1,2,GEORGIA TECH
ss,Jada Baker,1,0,0,0,0,0,0,GEORGIA TECH
ph,Kristiana Watson,1,1,1,2,0,0,0,GEORGIA TECH
rf,Francesca Frelick,1,0,0,0,2,0,0,GEORGIA TECH
pr,Kelsey Zampa,0,0,0,0,0,0,0,GEORGIA TECH
p,Jala Wright,0,0,0,0,0,0,0,GEORGIA TECH
p,Sophie Garner-MacKinnon,0,0,0,0,0,0,0,GEORGIA TECH
p,Cassidy Curd,0,0,0,0,0,0,0,GEORGIA TECH
p,Lillie Walker,0,0,0,0,0,0,0,GEORGIA TECH
cf,D'Auna Jennings,3,0,1,0,0,0,0,CLEMSON
dp,Deja Davis,3,0,1,0,0,1,0,CLEMSON
1b,Gisele Tapia,3,0,1,0,0,0,0,CLEMSON
3b,Ana Gold,2,0,0,1,0,2,1,CLEMSON
2b,Aminah Vega,3,1,0,0,0,0,2,CLEMSON
c,Kelly Torres,1,0,0,0,0,0,0,CLEMSON
pr,Sarah Goddard,0,0,0,0,0,0,0,CLEMSON
lf,Claire Davidson,2,0,1,1,0,0,0,CLEMSON
ss,Jada Baker,1,0,0,0,0,0,0,CLEMSON
ph,Kristiana Watson,1,0,0,0,0,1,0,CLEMSON
rf,Francesca Frelick,2,0,1,0,0,0,1,CLEMSON
pr,Kelsey Zampa,0,1,0,0,0,0,0,CLEMSON
p,Cassidy Curd,0,0,0,0,0,0,0,CLEMSON
cf,D'Auna Jennings,3,0,1,0,0,0,0,FLORIDA STATE
dp/1b,Deja Davis,3,0,1,0,0,1,0,FLORIDA STATE
2b,Aminah Vega,2,0,0,0,1,1,0,FLORIDA STATE
3b,Ana Gold,2,0,1,0,0,0,1,FLORIDA STATE
1b,Gisele Tapia,3,0,0,0,0,1,5,FLORIDA STATE
rf,Claire Davidson,3,0,1,0,0,1,0,FLORIDA STATE
c,Kelly Torres,3,0,0,0,0,1,0,FLORIDA STATE
ss,Jada Baker,2,0,0,0,0,1,1,FLORIDA STATE
ph,Francesca Frelick,1,0,0,0,0,0,0,FLORIDA STATE
lf,Kamryn Jackson,2,1,0,0,0,0,0,FLORIDA STATE
p,Cassidy Curd,0,0,0,0,0,0,0,FLORIDA STATE
p,Lillie Walker,0,0,0,0,0,0,0,FLORIDA STATE
cf,D'Auna Jennings,2,0,0,0,0,1,0,GEORGE MASON
ph,Kristiana Watson,1,0,0,0,0,1,3,GEORGE MASON
dh,Deja Davis,3,0,0,0,0,0,0,GEORGE MASON
1b,Gisele Tapia,3,0,0,0,0,0,0,GEORGE MASON
3b,Ana Gold,2,2,2,1,1,0,0,GEORGE MASON
2b,Aminah Vega,3,0,1,0,0,0,0,GEORGE MASON
rf,Claire Davidson,2,0,1,1,0,0,2,GEORGE MASON
c,Kelly Torres,1,0,0,0,1,0,0,GEORGE MASON
ph/c,Francesca Frelick,1,0,0,0,0,0,0,GEORGE MASON
ss,Jada Baker,2,0,1,0,0,0,0,GEORGE MASON
ph,Sarah Goddard,1,0,0,0,0,1,1,GEORGE MASON
lf,Kamryn Jackson,1,0,0,0,0,1,0,GEORGE MASON
p,Jala Wright,0,0,0,0,0,0,0,GEORGE MASON
p,Lillie Walker,0,0,0,0,0,0,0,GEORGE MASON
p,Cassidy Curd,0,0,0,0,0,0,0,GEORGE MASON
cf,D'Auna Jennings,3,1,3,0,0,0,0,CHARLOTTE
dp/1b,Deja Davis,3,0,2,1,0,0,0,CHARLOTTE
1b/2b,Gisele Tapia,3,0,0,0,0,0,1,CHARLOTTE
3b,Ana Gold,3,1,2,0,0,0,0,CHARLOTTE
2b/ss,Aminah Vega,3,1,2,1,0,0,0,CHARLOTTE
rf,Claire Davidson,3,0,0,0,0,0,0,CHARLOTTE
c,Kelly Torres,3,1,2,2,0,0,0,CHARLOTTE
pr,Sarah Goddard,0,1,0,0,0,0,0,CHARLOTTE
ss,Jada Baker,1,0,0,0,0,0,0,CHARLOTTE
ph/dp,Kelsey Zampa,2,0,1,1,0,0,1,CHARLOTTE
lf,Kamryn Jackson,2,0,0,0,0,0,0,CHARLOTTE
p,Cassidy Curd,0,0,0,0,0,0,0,CHARLOTTE
p,Lillie Walker,0,0,0,0,0,0,0,CHARLOTTE
cf,D'Auna Jennings,4,2,4,0,0,0,0,CHARLOTTE
1b,Deja Davis,4,0,1,1,0,1,1,CHARLOTTE
3b,Ana Gold,3,0,0,0,1,1,0,CHARLOTTE
ph,Julia Boyet,0,0,0,0,0,0,0,CHARLOTTE
2b/ss,Aminah Vega,3,0,1,1,1,0,1,CHARLOTTE
rf/lf,Claire Davidson,4,0,0,0,0,1,1,CHARLOTTE
c,Kelly Torres,2,0,0,0,1,0,1,CHARLOTTE
lf,Kamryn Jackson,1,0,0,0,1,0,0,CHARLOTTE
ph/rf,Francesca Frelick,1,0,0,0,0,0,3,CHARLOTTE
ss/pr,Jada Baker,1,1,0,0,0,0,0,CHARLOTTE
ph/2b,Gisele Tapia,2,0,1,0,0,0,0,CHARLOTTE
dp,Kelsey Zampa,3,1,1,1,0,0,0,CHARLOTTE
p,Jala Wright,0,0,0,0,0,0,0,CHARLOTTE
p,Cassidy Curd,0,0,0,0,0,0,0,CHARLOTTE
p,Lillie Walker,0,0,0,0,0,0,0,CHARLOTTE
cf,D'Auna Jennings,3,0,0,0,0,2,0,STANFORD
1b,Deja Davis,3,1,1,0,0,0,0,STANFORD
dp,Gisele Tapia,3,0,1,0,0,0,0,STANFORD
3b,Ana Gold,2,0,0,0,1,0,0,STANFORD
2b,Aminah Vega,3,0,1,1,0,0,0,STANFORD
rf,Claire Davidson,2,0,1,0,0,1,2,STANFORD
ph,Julia Boyet,1,0,0,0,0,0,0,STANFORD
c,Kelly Torres,2,0,0,0,0,2,0,STANFORD
ph,Kamryn Jackson,1,0,0,0,0,1,0,STANFORD
ss,Jada Baker,1,0,0,0,0,1,0,STANFORD
ph,Francesca Frelick,1,0,0,0,0,1,2,STANFORD
ph,Kristiana Watson,1,0,0,0,0,1,0,STANFORD
lf,Kelsey Zampa,3,0,0,0,0,0,1,STANFORD
p,Cassidy Curd,0,0,0,0,0,0,0,STANFORD
p,Lillie Walker,0,0,0,0,0,0,0,STANFORD
cf,D'Auna Jennings,0,1,0,0,0,0,0,STANFORD
rf,Francesca Frelick,2,1,1,1,0,0,0,STANFORD
1b,Deja Davis,3,0,0,0,0,1,0,STANFORD
dh,Gisele Tapia,3,0,1,0,0,0,0,STANFORD
3b,Ana Gold,3,0,2,1,0,0,0,STANFORD
2b,Aminah Vega,3,0,0,0,0,2,1,STANFORD
rf/lf,Claire Davidson,3,0,1,0,0,1,0,STANFORD
c,Kelly Torres,3,0,0,0,0,0,0,STANFORD
cf,Kamryn Jackson,3,0,1,0,0,1,0,STANFORD
ss,Jada Baker,2,0,0,0,0,1,1,STANFORD
ph,Sarah Goddard,1,0,0,0,0,1,0,STANFORD
p,Cassidy Curd,0,0,0,0,0,0,0,STANFORD
p,Lillie Walker,0,0,0,0,0,0,0,STANFORD
p,Jala Wright,0,0,0,0,0,0,0,STANFORD
